Actual Score,Predicted Score
68.2,66.59477166432129
35.6,31.253949269434337
43.7,47.39330795014862
72.8,70.60171249667191
80.0,77.52255391071829
33.2,39.732389411023874
74.7,70.17961442647977
72.5,70.22386449055713
51.4,49.91768170704351
45.6,43.358783868989015
62.3,63.988746877793815
70.3,70.53390726921569
87.8,86.80871045584873
67.7,72.68068532053778
48.7,49.430712255966
48.8,42.47215214366807
29.2,32.831675633305956
81.4,78.00674841338247
68.0,63.5874015841741
28.8,28.87067272973834
35.3,34.50906401001984
52.8,58.23260361019836
89.2,89.47852480800971
55.8,58.51309404656667
78.4,80.05556223158905
88.0,90.38699578919805
74.6,73.99411805835773
61.1,63.16299864758583
68.0,71.26834863492503
57.1,57.056858599485224
52.3,47.86799875956085
31.2,34.673739016178125
66.8,64.135605294875
68.3,75.96755937235189
100.0,98.73579261294796
80.6,77.5474655791769
66.3,66.51317415003813
84.8,78.89740024487801
59.7,62.68173779631212
51.4,52.683651455558476
59.5,56.56594493045133
29.3,29.282927956686233
86.5,79.1895261035583
45.5,46.36075521677627
37.9,30.655579406854567
45.5,47.571356397420786
61.2,58.65396930121001
97.9,97.89759844629332
59.2,57.99475404922268
69.7,74.27566517114008
84.0,84.6397638763145
49.3,41.88734383930523
59.6,59.19633815132556
94.0,89.60985814639112
83.4,86.90948535436702
47.1,42.97311347862211
63.8,60.853076630506514
65.1,72.5846178036193
35.7,34.90993148431902
48.4,45.78745428442097
86.9,90.41297909948702
48.8,53.59854726837126
62.2,54.82523202269818
29.8,28.28409670610778
62.4,54.012262293498175
83.0,79.96185165887033
96.7,90.40362571256888
44.1,37.025363910106215
35.1,42.55639919598209
58.3,56.28063456880319
47.6,46.612281102579345
75.7,80.64095799759866
71.9,64.70834610490158
62.7,67.43388016420955
46.2,45.599016269574406
72.3,71.30866406266979
90.8,85.90580621524907
59.6,51.93642919603866
90.3,85.4071971424008
80.0,72.17777888106164
36.9,40.49630860008529
73.6,74.17745892462673
24.4,25.19956493435675
38.2,40.29409778132146
74.4,72.00794918109578
43.6,44.82705756194795
81.8,79.28631579886499
46.7,44.632177808772845
64.8,66.80823851214663
72.8,75.20270934356114
84.1,83.69826134349927
83.6,86.64969741607729
74.6,70.88083736450045
69.8,69.84148987802952
54.3,52.13799205721996
79.9,82.86358920370948
45.2,38.102906748578874
46.9,45.88564624191103
38.8,42.39984782678079
26.7,29.796764842888162
34.5,35.07979518343441
54.7,48.72410840164049
97.7,95.14199906851604
38.8,36.24003670652735
68.5,70.24216226734156
59.7,61.25469379015482
66.9,73.26629105989294
47.4,45.42276398275417
45.9,42.809356031428855
87.7,92.32477801792832
41.3,46.22847074796782
32.6,40.397199095135655
54.7,48.139949440560244
74.5,68.09040567315978
31.6,40.880148934187
72.3,66.21217246100717
70.7,71.92159842534433
74.7,72.25665711039883
83.9,83.95192957740214
66.6,70.77263872277227
47.9,54.20374047210456
92.9,88.54887075455298
45.2,39.34846756235721
85.0,87.2883545732509
38.5,43.779944606309925
84.1,84.4882714872074
41.6,50.027868559717106
54.8,51.65981846147309
77.4,75.46552657699505
73.9,81.21893942062209
44.9,44.07025718272391
62.1,65.65869602802252
58.9,54.22075777707438
76.8,71.80934489680429
61.3,63.06774546982299
80.8,84.84534429982097
43.9,45.936535110650354
90.3,88.40272325125102
38.5,39.48526330254075
63.2,66.92791404729687
85.2,82.07916718548695
58.5,58.44980998589636
46.4,49.450639670072036
87.0,85.55472947260505
81.5,79.802339197988
68.8,65.61171146242495
83.0,81.99940023567574
42.2,41.62236748873054
36.0,37.231408060171425
95.2,92.29389601465043
70.8,66.90532196058604
93.4,89.36871956120083
53.4,53.63147028759912
64.9,71.48186006304122
49.7,52.96278667243494
86.1,91.7960247078032
44.6,44.01682920151224
60.8,60.61072902043914
72.5,76.3174469296223
61.5,65.04686441724571
46.1,49.445305438763285
85.5,89.33439870273136
45.1,40.31150974067432
83.0,85.05210483208299
73.1,72.53673306274317
56.4,59.685406050471634
79.7,82.02231985881502
86.8,84.00218490627545
70.9,67.9238266552866
49.6,47.85003790183606
87.4,87.46168027400759
52.4,45.33673893234573
83.2,80.43542143077296
63.8,65.55716268203328
73.7,74.54703839349506
71.4,66.40476700389162
66.3,62.85599746913198
57.4,66.39983949841837
87.8,84.52850521340665
60.9,58.192264887687884
35.5,41.69854612853481
75.7,70.28129924684951
66.1,61.842164558701086
92.8,91.37949567271322
60.1,63.60339052952843
91.3,88.88735909977444
73.1,67.91469828541368
51.4,52.830607925276865
88.8,89.77649279062547
88.6,88.33404196957008
97.7,91.3827391930797
42.1,48.558158160425506
42.2,46.431522473874324
51.5,52.94108433299336
72.3,74.91602336403581
64.2,69.95001286627833
76.0,71.59538150598286
45.9,45.743071715465526
57.4,59.611636028839655
39.5,39.79809355796807
66.3,66.38964010058037
82.5,80.28479735477156
74.4,72.03745996749352
71.4,72.54303594597012
53.6,50.357780870463024
71.2,68.21079788542578
66.8,64.8286624880131
24.7,24.46152262635772
77.1,68.1701720489993
80.9,83.74947484510801
43.3,41.71444069793736
55.2,57.18202486143073
91.7,87.15244113224018
78.9,82.17884878954351
56.4,60.49026559273898
55.3,59.304075286690605
29.6,29.509204212724004
88.0,89.26576559338581
44.9,50.59381231810373
76.7,75.646374526796
38.6,38.80948292461537
41.4,32.89620781901646
81.4,80.17318128880748
92.2,86.05066103518338
80.1,81.28833756324627
33.6,36.430722159737265
39.3,40.635549126047046
67.6,65.4376654136767
29.7,30.753303287717117
30.4,29.13892178803633
73.0,71.57889323958037
88.5,90.62863241741337
61.2,57.40648318434274
56.6,63.32856358393704
69.3,64.42652616412435
85.8,87.30372663600619
79.0,82.48756139705735
100.0,97.72268696683011
74.4,71.7703204611202
69.3,69.2427285534042
59.8,63.71992964346764
67.2,59.14124134128189
72.2,75.34404769969991
65.1,67.91503264329502
39.3,36.13815197905163
62.1,62.46342855994723
44.7,47.92470559043511
74.5,80.62583771548584
96.3,91.76876597253948
62.4,65.66254281278322
49.4,51.41493180969973
71.5,68.09102426464986
70.1,68.30794779412057
67.4,67.53362426757242
44.7,41.848541442860096
88.6,88.62170309451886
100.0,99.49722330393018
59.8,59.81397139524777
72.2,68.5355978169213
22.0,22.005574124746445
56.9,46.90124205849567
54.4,50.02395756491469
78.7,75.7561258267505
63.7,65.0249520639106
84.4,88.18363978322614
68.0,67.8673387028293
51.9,49.1214807275339
50.9,44.20396424700914
89.6,89.55150609746477
50.2,50.546149336761516
56.5,59.94309333262485
58.4,61.922095468925754
85.0,79.75130732450634
40.6,43.49668186013175
55.1,52.81076386383101
74.0,76.48459167062951
95.3,94.86734866201814
55.6,56.69993117080836
34.0,33.16549350270689
98.0,95.19491267637024
66.9,68.37351196327589
55.1,56.10817636499671
85.1,85.1054938703059
84.1,85.43045926926311
48.3,50.21230612899285
67.0,71.37591594225358
52.8,44.643062389573124
62.4,65.6039023255294
73.0,75.8417480256951
70.5,66.5441273255494
42.9,43.305502005078786
29.5,31.75368465921396
71.5,67.02406600350224
76.1,73.54824228087942
92.0,88.75403606782331
76.1,69.19010172402737
51.5,45.8921065724875
55.9,53.32305978504957
52.6,51.35247805726268
37.7,40.666585226139574
76.6,82.9460192862489
82.7,76.03954682715394
86.0,88.04262294597878
76.8,84.34834607539682
84.6,82.81221690652319
65.4,63.128077483786555
89.5,82.93143045766543
65.1,59.21062717359786
24.6,26.65197808352404
53.1,47.5294795541961
77.2,81.7945903253056
100.0,101.31784562642355
60.4,66.9847027612818
76.9,73.0207917195876
46.0,48.952617294340016
40.8,46.42939943872647
32.0,40.02256867669936
59.8,63.35130073802297
65.0,72.70625560053097
65.1,66.64236575429045
28.5,29.611151442914323
45.4,48.20969632168572
82.9,84.07417258955829
76.5,71.84720267888335
58.7,60.9788219656738
52.7,58.03080070473524
61.8,66.33560910728814
77.3,84.83910252053883
39.4,44.92947524535644
65.8,69.44146013655268
79.3,84.70725411363418
32.3,37.2684888569636
76.5,80.63526705881601
100.0,98.32231940930888
57.6,55.55122020388702
43.5,43.594033762597476
53.0,53.59560139562743
62.8,66.41694014729512
49.0,41.56796301799597
40.4,33.04602368683738
21.1,25.935637897972114
31.5,33.62328316013335
62.6,61.05251865820732
96.3,91.03009419811158
75.4,78.03168384100134
70.8,62.67336035207895
58.2,67.44615028682445
99.6,95.27272937920392
57.2,53.37340161587599
39.5,30.49235238830442
73.0,69.840264380853
48.3,43.34570886464134
49.5,49.42819259947578
74.4,78.03020782467848
44.1,37.534894848788305
62.7,62.587515317838324
94.4,89.18980667765494
56.5,53.520144896163
44.4,39.666098547866135
52.3,49.20734071636588
65.9,61.35755568165155
26.8,19.79936732452086
69.7,69.27166399722421
74.4,72.47772935474421
95.8,90.66409181721598
44.7,45.95970512546186
82.9,88.09997654396278
44.0,42.15503293827605
72.8,68.92502200415605
35.1,32.175171839897004
45.6,37.36420213416459
90.0,81.93609046013482
62.7,63.92752707518275
84.4,79.8721166568024
71.8,77.1264240892555
71.8,71.47171649189119
82.9,83.44641860961723
48.9,52.41198106954566
46.0,37.87435081860872
62.7,55.541474882131205
75.2,77.56005661772636
20.9,23.60382882403217
94.0,87.84907364353019
49.8,47.36355712844178
35.2,40.62419478476092
46.2,53.4844202520303
100.0,95.40019295123474
91.1,94.51406177277599
90.5,84.4336454049962
72.3,78.39919531598234
37.7,39.76822110337667
50.3,49.270961863462944
68.3,65.10141713157633
49.8,49.28197612949759
64.3,66.63860136190232
40.1,37.5116998254067
86.5,82.00439588412836
44.9,47.77418765145951
78.9,77.2957152618437
41.3,35.645253923663674
59.0,58.291544136938526
78.8,70.91627075750583
71.3,75.95672966180379
54.1,49.274252119168196
75.3,70.62178658023886
70.4,72.54510276038079
80.0,78.68729764584748
45.6,42.53414120965842
37.6,40.532881555883094
61.1,56.15080534129019
51.0,41.58991459436753
73.0,70.92882734635576
55.1,57.26373189097904
78.1,77.87225344400113
67.9,67.37631795229309
63.4,64.32736708951231
59.9,58.8568752220705
81.0,88.19587410814952
83.3,84.54211126691281
74.0,71.72352197957852
73.9,72.7088434835026
68.1,68.108542855393
55.5,64.26003099159942
54.7,58.42587528938588
99.6,98.03409212619476
95.2,92.95469570248108
48.4,49.08717313478038
45.7,38.57167342385866
51.1,46.96118702343482
61.6,61.96885790017156
34.4,40.02668369678142
85.9,89.02582113710324
42.2,46.335569065749084
71.3,65.26606620561797
98.0,95.11681790883455
41.5,44.347331197851666
78.9,71.56256697627467
43.2,41.96949477974933
43.5,41.702199503866495
58.0,65.1573079958001
47.5,47.91012598049211
64.4,65.5010256845367
84.2,90.91919697799041
77.1,83.47118715638597
30.1,30.768621732918604
53.4,53.06707648236641
38.5,41.285603229877
92.2,87.4307992282094
84.2,84.51939160730001
71.6,73.08200251519582
74.8,71.3422633305278
67.9,68.10868344983398
55.1,48.28727602668853
69.9,63.292251517750785
100.0,98.54172360096774
84.5,90.29063477311304
75.5,75.19035816751851
89.4,86.58686112709988
74.6,79.14240290560792
95.4,95.54498060095469
48.6,40.97544764923038
37.0,33.86915061282061
91.4,87.22190152186887
88.7,88.49057209742948
95.5,88.15529143214316
44.3,44.16808704015672
55.8,53.5466869120888
100.0,99.04876235662161
43.6,46.38144855588875
35.9,37.781381791629705
76.5,74.10368172265264
42.2,37.469129332205725
83.5,83.95370751029353
39.2,31.93635412014153
39.9,36.9839472330986
94.9,91.7209629092706
74.1,80.68219265444935
75.8,75.50189710646099
81.7,79.66243723157908
85.0,84.95025535678816
56.4,53.143411887182516
86.4,90.28414168169266
71.0,66.95002147990314
46.6,43.193451979056576
72.6,73.72799782861527
37.5,47.09211002432955
62.3,65.31738990297796
57.6,57.50417968033875
28.6,30.17349810114451
47.3,45.78028666461832
66.0,65.89116993420086
52.6,53.47017803041554
81.5,86.19822793810916
76.0,77.42651613056407
88.7,87.07701635793426
53.7,56.344600171648395
57.1,56.55870582778755
100.0,92.14304756985838
38.7,36.840197842460945
51.8,53.10121158125164
39.8,37.79570440480363
91.9,91.92326849058361
45.1,47.39732916342375
79.4,77.89226502941041
50.2,50.95616352515454
53.6,47.30704857591343
66.6,67.42256083328152
95.0,85.89184178579303
76.1,79.78111586311508
65.4,66.66764175911965
44.9,40.184304894621704
43.5,38.851243429586766
78.4,73.44722972644647
66.3,64.35791172642855
56.7,51.02125361233608
86.0,78.66007139788323
59.0,55.095848969578064
67.6,71.70644432873267
66.2,70.65792454337401
56.1,54.5915164804553
50.6,47.479700106643406
68.7,73.29542754275828
74.5,76.37323331194946
57.1,57.572750435827395
52.6,49.85761232638498
44.8,50.19826804858575
33.8,39.823466848060505
69.5,65.67133622154205
43.1,40.549649667662955
60.4,51.83782179159348
43.5,48.121000274804565
43.7,48.19722794769609
64.2,67.14673623230047
81.4,77.28312528966201
44.8,40.58786224515013
48.9,51.87502108980353
78.6,76.01861067634518
56.9,58.60720506253996
71.4,68.99246276255268
46.2,54.009506125501574
76.0,78.2858669959601
52.6,58.93712915667909
89.7,93.93275669219688
24.6,28.56180338281545
46.8,47.71454551165235
80.4,84.00339796913582
49.2,51.22549154526155
39.5,39.85724614281282
68.1,67.95595238008191
84.5,77.24861406892444
45.8,44.43752650091987
36.8,37.656681842072594
69.2,67.18450326303959
72.8,74.19051217566654
64.2,56.42768015608828
86.4,86.98145718353715
37.6,40.54813456549509
72.7,73.10501824858622
77.3,84.72686190588163
99.0,93.02745720101123
60.8,60.1846579508094
51.6,46.78750294184207
58.8,57.46445590397116
82.2,83.65253844794685
49.1,49.34987556261365
85.4,80.69934309529266
77.6,81.9714091293081
36.9,39.53903578602824
48.1,46.40414211126604
69.2,64.5572156452416
71.8,70.33266930706228
61.4,68.19305438937313
79.5,73.52215668206884
39.7,40.209318816943636
63.4,64.186377344309
49.0,46.18962142456931
92.3,93.74645168468312
79.2,73.69784634310598
58.9,58.42958287768389
72.8,65.37276905456027
61.8,64.52497931126547
62.3,63.081002495398906
46.4,41.084891404615234
70.8,71.43435829268353
38.1,37.06029845179377
86.6,83.20062473914679
66.9,59.879512008211925
45.8,42.645906195094646
34.9,38.16431732328866
85.8,86.93699781894934
100.0,97.51299282121678
28.7,27.152527849461578
64.8,63.95733262226459
87.0,84.89278640353666
62.4,63.533639123304916
44.5,53.10564171867021
75.4,65.6190362808376
51.9,61.015719461207674
72.1,72.77767066956842
81.0,83.66200528503424
36.9,36.60818009948899
66.8,58.7711188494314
56.2,57.75081291248267
67.3,65.36280332207876
77.4,76.90436888108826
49.3,44.08415146997696
88.1,89.23465504322914
27.5,28.615121581053522
62.4,52.7275023890248
89.1,87.01140336384493
66.0,64.03482941026374
69.8,63.88584999404614
41.2,40.785849564766046
36.9,30.760334112079036
42.5,47.23016483729574
54.6,52.33638951713818
82.9,80.4681326880247
72.1,66.9544074806029
80.0,80.14151778745546
100.0,100.87233367753741
42.8,45.91674165406377
38.6,41.130707853260716
55.1,57.795896217310215
81.9,75.51813359285858
46.8,42.20760558153936
100.0,96.63232089801006
100.0,91.5782286527121
75.7,71.94012616814838
80.9,74.87691298941073
52.0,51.70305514295719
78.6,77.60368853531563
68.8,70.0163000279639
82.9,84.83967933094372
62.3,61.822338271274404
77.9,76.85123124938234
40.3,41.6788755193098
43.4,40.24228229399582
56.6,46.30019592613222
86.8,87.91850447542511
79.9,76.76269538100635
92.4,87.80740306033587
41.7,40.33320571232223
90.4,92.71480290282781
47.4,44.04402831806875
87.8,81.1387845491104
63.8,68.808316055982
97.5,92.83850866241673
49.4,53.102141433566686
90.2,95.46247168996561
63.5,53.84889574624159
61.9,61.210786262471025
62.3,61.38749116501734
77.9,77.54670170836626
68.0,66.40300949393246
72.4,74.84656412199541
84.9,87.03563616746975
61.9,66.17984309020501
51.5,56.941694614038894
72.4,72.44898708363239
41.9,41.44410135439675
39.2,42.382289962636925
42.4,42.90328164488401
60.6,58.53261348251787
70.5,69.37314490515152
79.5,76.42819600353772
60.4,62.165712874423185
52.6,50.39459290657805
91.9,88.54696205404997
55.3,51.925685515955074
73.2,68.09855230109784
43.6,41.12979980961425
83.3,82.13703882908416
81.0,79.28182144249186
61.6,67.2828941134338
61.9,56.879605604868345
95.2,91.17802915348071
41.9,40.21978638810878
64.7,71.58805835951551
83.1,82.69542696229365
82.3,87.12006925471307
80.3,75.71641550078813
66.8,65.44161086588026
51.2,50.920212115962585
33.6,33.69038986520751
44.7,49.77632307742733
47.6,50.57487804069302
55.1,51.72419413812219
35.9,43.62800843147771
92.5,90.91658662502564
79.4,78.95255347198001
76.8,75.14684237168686
57.0,55.8594498525556
64.8,73.09795038643095
72.6,69.08122527822205
70.7,66.21111283214671
89.2,95.54274883240106
38.8,48.77775274649052
25.7,30.299626710598314
38.9,37.63857724279122
70.7,74.03383216058144
95.9,89.5399352300011
53.0,61.22759152885115
93.1,92.82659128453861
79.7,80.73104386211918
58.8,60.97392538675418
79.6,76.45225070775918
77.2,73.37316280036852
73.4,73.75760626225298
59.7,62.99181184168385
46.9,43.45351789057393
16.7,19.064441238692986
67.2,66.12693691813863
82.4,87.33201967039683
39.2,44.522940806238246
54.6,52.60198597559679
89.5,89.45580940835617
100.0,99.324975349809
45.1,51.87498826158759
84.2,85.96434945060116
82.3,82.18523921202862
74.5,70.6921929565629
25.6,25.56596832488203
61.1,61.889486005770074
100.0,99.41055544603014
52.1,50.31888879094046
66.8,74.14354886563669
96.5,88.85970619500672
27.0,34.19974801074492
29.2,30.763821768759286
50.2,50.1747985979332
60.8,67.79407758468564
85.3,80.857854422174
47.2,46.54611991845236
96.1,91.03722184499439
59.3,52.01689631868831
76.3,75.97689737831112
73.5,68.63922271889908
51.9,50.60520374884656
98.0,97.08162301696893
75.4,77.85160944526717
41.5,43.256952311175326
85.8,77.73125370139155
49.4,41.90317023046657
54.5,57.11836781205464
39.2,40.85990564734944
80.8,86.31861635148346
71.0,78.41656479589105
78.5,74.15822021967651
80.6,75.2981207376708
92.7,88.58373002312221
52.5,50.444668604688985
93.4,86.05514915239264
70.8,65.9917730440081
99.3,95.6972940477424
99.5,95.04542707400631
38.7,37.02452576426953
34.9,33.53968293292129
38.8,31.00449480929508
62.2,60.52188494057809
46.8,46.27507533024948
95.9,98.27663244774901
83.2,85.50351176495198
43.6,39.80896648478969
73.6,75.51886744749686
94.9,93.60229429766821
66.0,69.23108209424112
57.5,58.251635542635086
50.0,52.87968338438974
71.8,70.72158576821948
57.8,60.155112531366555
45.3,48.51436589061907
71.1,73.94063558461039
51.6,49.90848755975476
82.6,84.48423752269713
56.8,56.41742687336984
57.3,62.82771040916201
93.1,88.71918341027248
60.7,59.674183879775356
46.6,50.79253799505594
47.8,44.66982731090175
65.5,69.51112461708294
43.7,33.728446628372566
18.2,20.432734136924918
41.5,43.363268095619745
61.0,62.23317363485769
67.0,66.73965497559587
97.7,99.68910541614162
82.2,86.630364269285
28.3,37.019698254416234
74.7,79.51874954102328
82.4,92.53091659906518
69.0,73.01868923876035
100.0,96.17977974495065
78.2,79.04112667036165
81.2,77.2285372874177
67.7,69.06600799784574
76.6,82.90920326373741
54.3,47.6772318439732
36.5,35.938707381739576
77.8,72.91498080641011
59.6,57.1708186899221
41.4,36.0044405539432
28.9,33.97643155655225
68.6,68.2560948940939
66.6,64.461863941587
69.2,68.92275441570537
90.1,88.2761219783755
67.1,61.16777934440377
88.4,92.20636987951161
48.2,56.5367858673183
35.9,36.88204911337163
77.3,73.37164552271247
48.7,51.79985444871539
86.4,86.73458771012244
77.7,82.20483803398784
39.4,42.40560247845097
45.4,43.84221962873625
37.7,29.726068627801038
81.1,75.30280333624319
62.0,63.396222349222896
49.4,57.29422666821134
42.5,39.6868277898824
93.2,92.77700881695597
62.8,62.93582295066318
29.0,34.10568178534065
100.0,96.70588972061041
38.8,36.86318820514469
56.9,54.84318165242314
83.9,77.41069405046319
82.4,81.69317541482829
79.9,83.6813276509759
93.4,89.26356312921376
79.6,76.57168478728686
43.2,47.2840344928717
94.1,90.94005708909783
93.4,90.07028556505342
56.9,57.58271519596359
50.9,56.243200002075525
30.4,29.541791409041934
62.8,59.64741054370772
73.7,77.30929134965234
75.9,80.79251854842141
91.6,89.15521869149316
45.8,49.75436041643289
28.0,32.39244060245713
94.4,88.06130256403596
70.1,68.05710784690697
29.0,31.86099628436346
75.1,78.3364573958246
18.2,22.169535702445994
45.1,52.390576975478616
40.2,38.33995327886653
64.5,67.45796373831827
46.8,48.345644117109096
97.7,94.08014292628191
59.3,59.384350840591694
48.6,50.43634425022308
55.1,59.942688182227535
43.7,39.54948776415113
71.6,69.55203970515393
62.7,60.829566675486284
100.0,89.38936846237767
36.9,40.69583386698035
65.1,64.81204744032097
75.9,75.73175468732491
44.5,43.341518442129846
52.5,46.51908174518552
71.1,78.23531316703911
79.6,83.24245101267844
80.9,87.49151374110626
89.7,90.93859733649411
59.9,58.390615929486266
48.2,48.06078624823741
49.9,55.27726554577945
70.1,65.84274921160123
46.9,45.15143258766318
69.8,72.34087487997743
69.5,68.18357538120719
39.8,36.38642829195212
52.5,53.21231455182289
56.6,61.13122639612551
46.4,44.81002072277446
85.2,75.98445184255922
76.9,81.97011035570507
46.7,48.47309581271882
63.9,60.11418852036373
100.0,94.16258396929477
69.6,75.9363636434065
69.3,74.25370445882662
53.0,52.50996644942427
46.0,46.410539510655475
63.4,60.017894215321064
71.1,67.93012202249244
60.4,68.4356922622249
67.8,68.48158647567104
33.3,31.05134235131446
63.3,60.978703572945825
53.8,51.45427541732487
90.6,93.27310715024555
75.7,74.41637414284163
77.0,76.11117644493818
90.8,86.34230385695923
100.0,95.09489597271693
67.5,65.53316191727079
55.6,56.031368895770626
59.7,65.87142592627691
84.1,80.17828647705196
61.2,62.7595414657261
78.1,72.0314728664975
65.0,61.24873173188185
77.1,78.16896785812065
72.8,78.09547854919549
89.4,90.76908163895679
39.5,37.468117810645914
53.8,55.43199512199604
47.3,44.35510666675079
66.1,73.00889329549219
33.3,38.18366192033523
66.9,67.09270281171753
49.4,51.29734990216298
98.9,93.0592363643086
67.6,59.98764205069174
67.5,66.96289861354929
100.0,93.81664744775186
82.7,83.33458143268354
76.9,71.12743497606934
54.9,49.967909147286385
42.3,37.11977735785751
47.2,42.61885368961526
88.9,85.23032507049732
32.7,26.412356629438396
62.3,64.61111941576951
76.2,75.74482444492065
58.3,62.17041805466222
55.4,59.388301036150835
81.4,82.68063407023372
100.0,100.6383258132754
35.5,32.70161574689925
53.8,56.13327913953285
71.2,68.4937174039077
66.8,77.41236328619755
81.8,88.21583753634796
71.7,66.61861170172354
45.3,42.086632361851855
66.0,67.70001304403647
27.6,26.449560087966614
65.4,66.25888680508292
27.3,30.022783179270547
53.8,57.4897067035455
59.2,61.085247046058015
51.7,55.620598750689666
100.0,97.72242058849315
85.1,77.44643293239378
56.0,61.437246697276585
68.8,71.38218861868367
76.7,78.87836026917915
66.5,66.78169353587144
49.4,53.332980364948085
25.6,32.93705941695573
56.5,52.67047147304301
69.1,64.58840422861216
27.5,31.745562291280386
95.4,92.41061088073465
49.8,53.53205419650025
35.0,40.59904313934135
75.9,72.1350495443298
83.1,87.12413370238156
33.7,31.13275843284425
81.3,76.14125242449943
45.0,47.68364391707261
45.2,51.71755051793164
67.7,66.74934026996792
38.1,40.880648450701564
59.4,60.04919137143075
60.2,54.84647632646707
97.4,95.38372669774334
66.7,73.81760139415587
49.2,57.123506907887936
84.4,81.90732955941576
86.1,86.82988346844462
96.9,88.57822406845777
80.5,82.26374232989848
65.3,67.58006523402062
97.0,100.80540673775376
35.3,43.697360412823215
75.1,76.74026835882606
73.5,69.43920801969011
54.3,61.44518547575758
73.9,81.0249829578071
39.7,43.48411809964486
70.4,73.69160955782712
90.5,91.24127320418667
58.8,49.651693076023
60.4,64.9998124569723
54.2,60.41774643174615
28.0,20.923649375374186
42.0,38.8276145467474
65.5,68.60332125373712
49.5,46.54988072671018
87.4,90.13298786251234
37.5,44.45104272161329
41.1,40.110408166455514
68.6,74.616385135769
77.2,67.56747961348404
32.0,37.91964776467527
51.6,55.02630857650611
63.5,65.6860897912137
85.4,86.44097645516571
56.7,54.00688040917594
66.3,59.78603430449938
24.1,25.429280628679187
78.6,80.70860471879598
57.3,64.4969813062263
47.5,47.63766210022984
60.3,57.347787002965774
60.4,67.24412127829517
79.6,79.5266092078606
58.7,56.587831198457536
94.5,93.54608828470174
52.7,54.08410528180668
84.5,85.95429185787012
83.9,82.64012895461221
50.2,53.13754793212008
25.1,27.156396487629785
64.7,60.74204683971046
73.1,77.26402660917621
50.5,47.48762271082211
76.2,69.376625279533
61.3,59.84377879568074
78.8,76.1458148767401
42.4,39.67352618512767
61.5,67.24507618109068
53.4,51.98107059138437
69.0,70.9273273933925
42.8,46.774210093074956
39.6,42.006292887621676
69.7,67.2019926198493
52.8,56.39378663995643
47.4,42.0382081105785
31.8,35.92745915858667
29.5,28.131706950111308
80.4,78.14376573888559
80.6,84.54999866076902
29.1,34.91099750918141
36.5,37.21920591241054
67.2,66.75684781083933
70.8,70.16360017727057
23.9,22.94059144763628
64.2,63.668658536311526
58.2,62.01998927419238
66.4,65.17109116710628
60.2,62.31963837174865
53.4,49.95721294954957
43.1,50.72679844603908
85.0,91.24311190546328
86.0,90.26184742292271
82.5,89.66663914040248
100.0,98.1193137860048
74.7,74.26672305283114
69.1,67.24216304160537
82.8,84.52019408911873
78.9,88.01364343552802
65.5,68.2250475545656
33.4,39.359180970279766
75.8,77.40747222869804
52.0,58.517898203455786
19.7,30.210969049707412
67.2,71.18932536197147
98.2,90.8750128075422
93.0,92.54268435559618
58.7,56.0610176047453
56.7,55.35522043890455
57.5,54.79738749748576
66.4,71.30338747293689
76.4,83.9860249806325
48.8,55.29498858558282
85.4,88.9080040145029
89.4,90.07556090368259
87.0,80.91214941643193
58.0,61.622975136877265
57.9,51.47213280838608
90.4,86.3922576061943
49.7,53.66155022132769
27.4,28.432864335835813
64.4,64.53584979693716
31.9,33.46397366545516
44.7,50.66349904199556
56.8,59.46190288725913
87.5,85.40938943776133
78.3,77.41817343716981
81.6,82.84872179464669
87.5,83.33618022672961
72.0,75.12099356913035
42.3,41.414830975439436
35.2,33.974487780703036
48.6,47.25752941188009
94.4,92.92414776991087
38.1,33.33569863722732
47.5,45.07257164365894
77.5,75.38484626385646
48.3,50.874942310053235
43.2,44.40232037033558
98.9,93.11308608800414
43.6,44.74093873464538
55.2,56.19217228223008
65.7,68.60616507922957
47.4,39.932809659328015
35.4,39.413406496048815
99.9,95.31754037304513
37.0,41.35096407401789
48.3,54.33514609840773
51.6,59.02205889747499
75.1,77.43049105507043
48.1,46.52967534693078
67.9,64.0552163118133
90.2,87.39731948252454
69.6,74.11845877033466
59.5,57.84679041107337
66.7,67.41707525795776
48.5,48.562663387780475
66.5,70.86256575652057
74.8,76.08664701160463
77.7,76.55532965872496
34.9,26.292818551724377
68.7,70.9529447635193
76.1,74.86223357893675
70.4,71.89815352547903
69.9,74.50223664304363
33.1,33.50627098964233
79.2,77.1107938734886
87.2,86.72586258123141
80.4,84.28275092854172
52.8,57.15225510035546
85.8,88.15634869326276
23.2,24.509782249135224
84.3,88.18980704058002
79.3,78.56014180696587
46.8,47.563032035974196
59.8,60.088110389393016
99.0,93.8967533471165
59.5,64.33225003763798
68.1,64.32734850190491
61.8,72.25314449496311
63.7,62.58123764974276
59.2,64.11089694532392
94.1,88.74868855360226
84.2,80.27096502684944
31.2,25.818261059882964
57.6,59.42837684464022
87.7,83.65949715275752
88.5,88.55941405131884
55.2,53.27959175448239
88.6,89.74216484511504
85.5,84.31984413164943
36.8,36.564732936875814
76.0,76.81973878123071
32.6,31.518818615311424
81.2,82.22293486679112
75.5,72.9434054989647
66.6,72.58800892359332
43.2,42.25205179965464
98.4,94.6765123030263
84.8,89.30876632755655
56.7,58.28907417179898
38.5,31.458189688539058
54.1,53.14681102423751
20.2,25.83609498424461
60.8,53.79163057145947
59.8,60.895379152263416
53.7,55.869655095305134
75.9,75.34877804899159
76.6,71.31402836306421
62.2,61.501362388497135
47.1,55.625994704679
81.9,83.65852035466284
80.4,78.56643215913618
59.5,62.52484758573236
62.6,59.5025264396397
36.1,34.89355382891836
73.6,71.49943505880312
77.3,74.3265487920712
95.0,91.43622577238796
59.6,61.702362526542004
37.9,45.760251187593624
35.9,30.203710951988096
81.5,76.53049824976584
73.3,71.09668329056542
57.1,59.32913771229007
41.4,40.92789571533305
66.0,67.61105725650242
32.8,33.46025640767171
39.9,37.18109558067604
48.0,52.04905592788062
47.6,46.25184504724092
55.7,53.92515310010195
34.2,28.09524138995365
45.9,40.94052848479025
55.2,59.57852293515806
67.8,71.65534064779791
33.6,34.190667143151785
45.9,53.096509035293245
75.0,75.58239607854675
58.9,53.841989420160004
55.8,54.6333566044724
85.6,80.81050246934771
85.5,87.19602295335241
71.0,69.09597106587076
35.9,33.5759118278746
86.2,92.64534450781994
44.9,40.920758019157056
49.5,49.73133864250218
66.0,69.11714870495285
78.7,76.47230115853083
63.6,57.86650707189577
31.1,31.693493387883542
40.5,34.467433740832846
60.2,55.99341750919696
45.7,50.2135301068645
79.8,73.59832260024835
53.9,57.23746255339741
66.8,67.77511344639447
61.8,57.7849084379465
79.6,83.62100624157071
81.1,75.41710155275929
84.0,89.76229669810897
86.3,87.45225440248888
53.0,49.61093691714399
35.1,29.27790314755375
72.9,69.93565945884613
48.9,45.25784843073766
63.1,63.98404963569098
65.5,61.972088400030735
86.6,92.48983515380392
61.8,61.24934826642059
80.4,73.59452646422295
81.9,85.66145116845446
83.0,83.84162392006039
54.9,52.67002764166846
44.1,47.959443007918985
74.4,66.86862326800349
54.1,54.00004181580838
42.6,36.685068201647056
86.5,87.19556030588589
55.5,53.57188841700423
42.1,35.69477417335788
85.9,80.88630815305524
80.8,83.6849040842242
36.2,40.18989031960217
47.0,41.56599181724048
38.6,37.013826504249366
43.8,44.200680167160414
84.2,88.40333586860493
80.5,85.40320601652519
77.7,72.44964725325715
61.0,61.65411693034444
48.6,43.067691860842274
83.0,82.23125068829555
47.7,48.50002998571742
84.4,83.86947803201946
66.1,62.90294081553892
100.0,96.06868661719824
90.0,93.98592863018423
83.5,83.95401767950449
96.1,94.42950308352249
73.8,76.60073246358773
52.0,51.339630138788294
61.3,69.0306510175911
40.1,35.75091608402092
95.9,98.00507734560588
36.0,33.59987441696063
49.9,52.84779953922312
26.6,32.38887965580798
39.8,42.58232671472486
73.4,72.97402573392223
30.0,31.191758732907132
52.3,55.42891179694828
90.9,91.48157735739852
37.2,37.91560341635872
35.5,35.00322298865384
99.0,92.65735784922146
57.1,54.469655560946705
71.5,72.31498282757379
77.0,79.66799678070171
55.3,53.100825383792845
75.2,73.22364924597571
77.5,77.16560560083235
60.7,65.22513749807379
41.3,35.19052047515265
92.3,89.70407974483547
42.8,46.67928782230277
73.1,80.18619172146273
70.8,69.03898027732302
80.1,71.99086070867615
81.6,82.0475219440309
77.1,76.8945161214567
68.0,69.45223747385444
67.8,66.5675745356832
56.3,59.074274164747266
51.5,54.858160668220094
70.6,65.06356905241327
85.2,85.00048958724551
94.9,91.1214515195415
53.0,53.303237296003466
85.5,77.72730084135608
84.1,85.83967815437508
86.2,85.92436272728757
78.1,78.15819138326698
79.6,79.68084717618174
55.3,61.14695124581465
67.9,65.15963985312094
69.1,71.10434813110126
49.2,50.725217835852064
71.3,73.17280662860856
86.3,84.51269917248766
26.0,31.01879604329459
25.9,32.86123243691334
60.1,52.668883172449185
71.1,75.45515376997143
59.9,62.197476299773705
71.4,79.30229437281238
100.0,96.3148389613282
72.1,72.1802435091325
83.9,86.80410447584416
60.7,67.64236206489161
70.5,73.19849875419683
66.0,63.05918757843998
93.8,86.38372231212973
64.9,60.90610824373263
91.5,90.58820966490654
100.0,97.24290734232733
80.2,79.3859914616424
71.8,81.84595608537036
83.2,87.9287733301447
36.4,35.154489941725245
82.9,87.43492813951349
43.8,46.876780646372644
45.5,38.46309075512751
48.5,51.556287673180066
82.0,77.10544727225479
57.7,52.74493817186558
52.6,46.59648414750932
94.3,87.17449823434802
36.4,41.59479820183788
97.0,92.42343816279337
38.7,44.746319990383
63.3,58.70913578567938
81.0,82.47908063857835
67.3,69.99124025262132
48.9,52.671930653174364
36.9,38.124232186349516
47.7,51.03534734852788
67.5,66.9820776367996
40.2,43.076050290388494
38.7,41.80830224021061
84.1,79.33883585693893
41.2,41.80459584637829
79.6,83.66723600753936
46.8,49.48507269158657
56.7,54.71289225676382
72.8,67.49210087861712
90.9,83.80290037552255
46.9,50.179053253619934
61.5,60.51359325410803
50.7,56.80980442478353
29.9,33.964129829459914
69.8,66.83713741683347
80.7,84.32686799827565
64.0,71.19828369720906
73.5,79.4389831985555
77.7,80.39005218784116
55.8,62.83675332395614
39.1,40.0989699863143
76.5,74.12842319963436
60.7,49.4120537975685
25.0,29.311604412777385
51.2,56.76808219195847
86.8,87.44530393384318
90.9,90.86229960274056
43.2,39.25032319340622
46.4,53.301988433782114
48.2,56.39809911144888
68.9,67.23152009777914
54.3,52.3517058296367
79.9,81.31964761733703
47.8,45.51912264189929
51.0,49.517119919305564
55.8,59.15587439074312
92.8,91.50278371340048
34.6,39.21146051489558
88.7,88.12158656670908
49.6,50.16629315348705
85.1,83.10154276122375
62.0,67.67402382907576
68.6,66.52978044044713
53.7,55.60536493138525
61.3,63.4979338854765
92.4,92.63362974920572
33.8,40.49120683627255
37.0,37.104380063159695
92.4,92.44467193584063
100.0,95.16858580270917
51.8,48.825582906274676
43.3,48.543509665484194
49.5,53.33596832729663
60.7,61.46608158594188
54.9,58.063137846481
57.0,60.29776138059693
27.3,22.994221232957486
51.2,48.881685982766896
74.1,71.94985250307165
60.5,62.707386680504634
78.2,81.10468775980485
54.8,53.754738544904356
31.8,26.00859629895303
85.2,80.52902315397226
46.7,45.38836630268996
64.8,55.356623626423215
84.0,90.12684564252653
42.9,38.58299145015111
83.5,85.84393257979056
87.5,91.22835304708985
49.3,52.19816114288314
39.7,38.92355377581559
46.4,47.17571534634995
57.9,60.58143227958381
83.0,85.71221683643168
59.8,52.85242203803401
83.7,85.1198664671355
34.2,42.681231790732184
79.4,71.47163210092698
37.7,44.223701818642056
72.8,77.12091235351335
90.7,94.81523539761457
53.6,54.7708135235508
95.4,92.04693172851613
68.7,69.43552693156774
33.4,37.494400025449615
73.5,70.34738543116177
86.7,82.28894205113804
57.4,59.75085670819337
52.2,54.80581534476562
86.5,86.95761221130084
76.9,89.58196299084146
37.3,42.048000633395695
77.7,79.94934651085454
48.2,49.79770371698208
88.5,89.11808420855525
69.8,64.96916068226025
39.2,37.87391682440532
41.6,36.928019530165194
52.6,58.03562807685705
53.5,56.66335354414488
75.1,70.39166753880822
82.2,76.3731765472211
53.3,59.288621177238035
37.0,39.93683187158308
100.0,97.08973496462647
64.9,64.83611636209082
70.8,65.463521013157
81.0,84.00416477028077
63.4,61.31700954796775
80.3,86.5240384607551
57.1,58.549791321702216
71.8,70.97509499067725
94.4,93.56408606744758
65.7,64.90103580989953
97.9,96.49101829700531
68.5,64.58049469053157
66.7,67.96774301400802
100.0,100.47112258480223
57.9,55.67068696148605
47.6,50.51531684299472
70.0,65.1473265359218
82.2,85.29056174883068
89.4,87.38956117315296
50.5,52.60658653613919
69.6,76.63166402607933
57.2,55.17861497365827
86.5,74.41389679493994
52.4,53.09668611515218
84.4,81.44252629448725
91.8,96.74063384832323
72.5,77.2011885798295
77.1,82.39224790557314
28.8,32.63341249932164
34.0,41.52797402963086
99.5,95.62577740884613
97.9,94.4251814969026
50.5,45.846778540939226
45.9,50.57421118805935
85.1,81.88546852239314
90.9,86.06594622444386
74.3,77.41216414344375
76.4,70.15145158394441
45.1,43.60795316133782
42.0,41.242801235197405
57.6,64.34764391712278
70.9,66.55765862829594
34.0,35.0433917904872
95.1,87.94171708595354
39.8,38.97778098939448
83.4,82.55683090995265
29.0,27.730872090464075
82.1,81.9535354782733
96.7,98.86723445701865
46.5,50.049091395919895
58.6,60.27418913321281
71.8,66.57271893348933
52.0,53.726302519227175
90.8,90.64363909068805
92.8,84.24572882604815
62.2,61.16906880957123
40.9,35.80279464801307
100.0,97.59004427447677
58.3,57.61840579406363
39.2,43.36570072152009
93.0,94.98176783034474
84.6,76.7817601268311
36.1,34.38241798619023
41.7,48.05745575472541
41.4,43.26120303593964
68.6,74.72810897312362
65.2,61.65786381054977
62.6,65.54260351587801
76.1,71.78071360567886
56.9,56.60362663140397
71.5,67.99694355226742
84.6,77.87675130114366
78.0,75.15237412735209
47.3,55.509665396965104
67.0,59.3148183654504
65.1,66.92411460747127
77.4,73.87853749748749
54.6,59.26068705014585
72.0,72.11395467625229
79.9,75.53197463437382
91.4,95.46871407484537
46.3,44.85219829730488
58.2,57.62052091923415
89.5,87.36481715111192
89.2,87.17588134456417
51.0,51.79910903679491
49.7,49.69056456739042
46.0,38.179074275996015
72.3,73.77437197644936
33.6,33.88350568433873
54.8,47.21484902302209
92.0,89.51076083192592
52.8,53.46124360597858
74.5,74.02389775591729
38.3,41.62496329170385
66.9,68.01096124425963
62.4,62.01961912789032
41.2,38.57250153382631
40.0,41.68759706830251
100.0,91.61567690426003
81.7,84.41169718443467
45.1,46.61994094033261
76.1,80.11755595942714
86.4,90.47188178907457
86.8,87.79248450163341
39.0,35.541702416543785
61.6,59.433892114476365
64.7,69.30745766434832
50.0,56.114960097540205
100.0,95.5102599527143
98.3,91.10691188019575
69.3,65.75446851292686
66.0,62.0576587186263
24.6,33.2466186833239
100.0,96.19712906308676
81.5,78.29373180634497
96.8,91.94170367288234
40.0,36.458936271216274
23.5,23.1194635867559
51.8,53.98904375021648
62.8,55.57893937552267
54.3,48.41039338680814
67.5,74.40569871711256
74.0,79.58911599786279
65.3,67.70038487370043
73.3,73.78093634600039
84.9,86.0981515315183
40.6,43.25360193827618
78.6,81.0423656932244
53.9,58.480036172213964
27.2,35.613855973517445
61.0,57.868222132358085
73.8,76.48253101950215
63.7,58.04628392205949
38.6,42.7088350810281
28.2,33.55581349417046
41.8,44.81223762018489
77.0,82.05188563867485
60.3,61.057520113253965
56.6,59.04836102933908
42.9,44.90051146590527
74.9,73.90970666651603
53.1,52.85341919240556
80.7,80.00607486988892
87.2,85.7983121926026
52.1,46.96780609993865
33.4,36.068343735628055
56.1,60.9320569505442
39.9,40.33590387265715
62.1,63.36687705302702
32.5,31.902085528442825
99.2,95.95393149384695
78.9,70.60916316856692
51.8,54.67359749184549
62.2,60.44299450178751
68.9,73.98101262396604
56.6,53.97364220953047
85.1,80.65327485738905
37.7,34.85992010787059
85.8,77.48014687990403
89.8,88.85776051534812
30.9,32.03374248692229
64.3,58.38851754385996
68.4,71.6026782174089
84.2,80.38449075545766
53.6,57.50375817484756
49.3,43.251948274732726
96.6,95.47736401805147
87.5,80.5976798012105
31.4,31.213991642902215
78.6,80.64978524891269
93.0,95.33883751978094
39.6,44.71209116249416
68.3,69.4269673249979
43.0,36.2553402672577
86.0,89.33033870168522
72.3,67.54004015827326
52.3,55.6343682760192
80.7,82.28959650097802
71.0,81.90020996214815
49.6,38.52105830589249
35.4,32.525099157931514
59.7,54.89299945060904
72.9,71.58268564465313
100.0,98.84099765376143
48.7,43.00878295598573
30.5,31.754829414266425
88.2,86.53340428950693
30.0,28.029533246520227
42.6,42.68426757435749
54.9,57.73142470497363
59.7,55.90130067085488
89.7,84.10852689039073
100.0,100.60349263382675
65.1,62.50045544061166
57.9,52.633182138961054
94.5,88.6988700824144
75.4,73.03207212666491
64.4,65.18722547158262
95.2,94.28444369703472
42.1,39.584389585924114
76.3,76.98717318892223
93.2,87.01964405503726
69.7,74.977593894357
74.0,69.36997481443161
44.5,50.66317042948275
42.2,41.79707776215942
76.1,79.93398113513285
74.6,76.80180830503046
60.5,56.41721049131408
49.1,49.643734964367916
84.9,87.02297175571023
27.1,29.917409534084296
79.2,72.57809591423916
80.5,80.57177932396114
66.3,68.05941267821296
87.8,84.69887054714057
47.8,43.625746728206074
75.1,78.36065644291347
56.4,54.60520876434025
38.2,34.40324947444455
59.3,63.78012314413647
61.6,65.09067200172326
40.8,52.692424477848576
67.5,73.28183412950278
34.9,35.221858028149654
47.2,51.51633584595045
55.9,51.32007702539471
44.9,42.51623551010652
57.6,50.215491709065674
68.6,72.805289932196
81.4,80.08673300006691
85.0,86.69292220727982
87.6,88.76566220997816
54.0,53.37583178781661
75.0,72.14424559351214
56.1,57.30489043092685
43.8,45.513617303818535
38.1,42.90808940498604
60.0,56.85804936754677
91.4,86.52906256500168
49.5,49.098900113064
46.3,50.8282651377244
89.2,86.33985112642202
65.1,65.69008292194675
97.8,95.8941064321078
66.1,68.22173690161787
28.7,34.27512817825368
72.4,71.49053468320612
58.3,61.33612290254024
58.7,63.6616652758117
53.6,54.44689758595082
64.9,70.1136646502194
63.0,63.285083839871334
88.5,89.83787295929643
99.5,97.5507076995838
63.8,71.36403493504247
65.5,60.86522157373969
63.2,65.87502637681446
46.3,50.32332159526425
69.3,69.76124678105263
84.8,79.84476550777069
88.4,80.04190410402029
71.9,74.93148561754032
82.2,88.39465599841745
80.5,81.7010037143188
32.1,35.12275273879164
74.2,73.09039282410515
42.3,35.22479923696915
70.9,62.53811630779953
77.0,71.76974856754595
67.0,76.84057185190233
41.7,45.95700883543883
46.5,44.72616139332591
64.4,64.65158216191921
55.1,56.56805841490598
90.4,91.09225156828015
76.8,82.62475346666972
44.5,44.59588894715013
78.3,76.55852963260472
97.2,91.7901963881744
50.4,46.95426057053672
80.6,81.15040146258588
83.7,84.7110209142645
96.6,92.51915737037663
74.9,78.46980182290865
58.0,53.94476540164429
43.1,46.15695622104925
86.1,90.75659178393552
83.6,81.29520868647207
53.1,53.97181432884583
56.2,58.55770246646482
86.3,85.46835950731847
55.5,51.812875959337596
48.1,44.574970969084134
45.4,47.773365575411276
73.7,75.61930054881049
54.5,51.52624113341841
91.9,86.09057882495209
39.3,41.07154558935222
81.7,82.37280060133698
74.0,71.71888333765752
73.1,69.7287025023285
34.6,32.50421879502573
58.5,52.76024871121896
38.5,46.74103784998435
59.8,57.0291511716737
82.9,80.9003508953569
88.2,91.51475595416915
39.6,37.09218023729252
51.8,45.66816593854976
39.4,46.83821910018305
57.6,58.6679108278974
51.0,41.86923066335396
58.3,62.11753808396611
79.5,76.58862538814938
56.7,48.70651976355637
41.8,39.99726175877473
31.7,31.509258310383228
34.0,34.53243387916543
42.2,41.29402709299589
86.6,89.22725039901134
23.6,30.57561507843151
85.0,86.36142956594293
44.1,45.76907147386924
69.3,65.60297818172396
77.0,80.62068343342985
33.1,34.583623122126305
79.7,76.44711371781297
76.5,76.38704580514569
68.4,69.41093540130677
23.8,28.216609180677864
64.1,66.10989001621951
80.5,87.27147934905864
85.6,83.53448944216751
74.0,76.61536024262826
84.3,86.8926759267761
34.7,36.743300961243435
73.2,65.8695144634291
51.8,55.25010235158649
84.1,77.76916920944397
62.2,58.88703051949435
41.4,46.654550977424606
84.5,80.34440261362884
57.9,60.75536098350763
38.5,38.77079578081269
91.6,87.83903523135885
51.1,53.88022931642908
57.0,58.92131066757109
56.3,52.695503648273544
46.7,41.69137134818897
48.0,49.25612840849188
48.0,54.170888973303484
43.6,40.02087683798384
74.6,70.3634959412132
43.8,43.33520665423342
57.4,56.55426351042319
32.8,36.48320969865836
61.5,54.54059749035612
74.9,73.09341222218036
81.5,77.60072004161786
80.9,86.87117724218766
86.6,88.07568805838422
50.5,43.51371639693046
97.1,95.34338178824981
84.5,77.6104811529068
65.4,68.08811996221348
80.4,76.11879658057073
89.7,86.93367737186408
86.3,88.42928812889149
90.1,82.65959447868428
52.8,48.99132387078078
42.1,44.54772407717009
69.1,68.23447395848213
75.3,76.41616246421637
68.9,75.83786140629712
43.2,42.30478758818691
89.8,90.7038527491997
47.3,51.220565390423
64.8,69.48874872664112
39.0,43.762733759376324
74.3,71.57633627104383
71.4,71.17715669119383
44.9,46.29280116471439
100.0,95.74328135175548
87.7,82.36710725513475
70.6,68.1731463727449
86.9,89.7291462066094
64.6,61.5711994097218
31.9,37.486972216072054
62.0,58.04471291648653
72.5,61.979303335627485
52.7,46.207410676190136
79.9,81.24036294825362
48.9,52.4601348739616
68.4,65.00855101747091
92.7,89.5589583130103
84.9,88.33140904771317
31.0,32.35938131217269
31.5,37.45006144812495
32.4,31.5828178271947
88.1,91.79037029995833
68.6,69.38714021858966
91.4,91.46575451092642
42.8,47.102370149318816
74.2,73.93705787774962
100.0,92.89727843657556
100.0,100.12148555371775
52.7,48.18075588182551
68.1,74.50831418454935
59.9,61.41393539034857
48.1,45.81565649145155
35.0,33.21417151748906
99.2,92.9360571260442
69.8,66.11023210288397
86.4,89.81317891588824
37.7,41.60540312956541
59.7,58.0116885033251
81.3,74.6236256840991
63.2,61.58198858624464
72.5,74.17396541359795
56.1,58.57595936802341
50.8,48.86023830145783
64.4,67.48688562888282
28.6,30.53279000269991
33.0,37.062306673869166
82.8,85.67022107436728
43.4,42.02339621869372
98.6,93.94584069317125
40.9,46.382623064447934
26.5,30.456044881633154
84.3,90.30481266285122
54.9,59.00402564929977
51.8,45.99107671705329
77.7,71.39436777606731
26.5,29.38089044689108
98.5,92.52475829149398
76.7,75.17487702915122
63.6,69.23019673886883
83.4,80.97341792890828
69.6,66.99596441903292
63.9,64.63428736412985
70.3,65.35451145729101
65.8,68.45845308946971
69.9,72.62252196095145
48.6,50.17638812107614
26.3,25.716488759982468
76.2,74.0372151143296
65.3,79.82011062826541
54.5,51.93940279172074
81.7,85.38512025139745
70.0,80.107291696401
48.7,46.30201498856139
44.8,52.48343864923256
46.9,40.20960811105786
62.3,63.84909166002929
81.4,79.13737528322807
46.5,45.85753589110371
79.8,75.0162872176439
40.9,37.296343866249764
84.8,84.2059888875053
38.3,32.76570592000442
61.3,62.034418352862694
74.2,72.09413326492042
57.3,60.51788911406944
81.5,85.34917071217758
53.1,53.62894690806872
36.5,37.412348303534145
58.1,58.45890802738225
71.6,71.20149609132156
90.4,85.64514145912291
71.0,73.4266447177418
60.7,64.55134410760465
50.1,53.75334614822839
85.4,87.2567165415407
90.3,94.9958141347212
69.1,73.8413119943012
43.3,46.43420533684667
25.1,26.92966801581843
45.2,41.79415943082369
72.4,79.73316590389389
37.2,36.2228974746884
44.4,48.41288160045791
48.6,52.504643354444084
66.6,64.89393363914343
61.4,60.197241973831645
83.6,81.6953898969879
40.2,43.113489239847794
30.1,24.89663165828175
39.8,44.81981918018048
46.8,47.076834926879656
54.5,56.94924357146751
56.1,57.186030793010104
77.9,79.24945160130873
88.5,86.52838288166708
69.4,76.48822586441231
86.8,80.73204236288608
57.7,57.91126628357931
45.8,53.009666392943885
87.1,81.39603377836592
97.9,91.8846443321236
25.2,29.11377699946521
44.4,42.27716507982201
39.1,38.697712335182246
49.2,42.01704329275236
65.8,66.74736082394399
81.1,76.34839174001404
66.9,62.8153727953173
90.0,88.9086471832477
39.8,38.320385189048096
38.8,37.371334218735875
72.0,69.3299895991299
32.4,33.62029917108473
97.2,92.23934798985763
56.1,50.99798141120734
72.2,74.53380160097596
85.4,88.7373497145805
94.8,89.80945244014022
45.7,45.61164773459902
57.3,59.854036527716666
65.0,64.82798278291948
46.9,42.9350336192882
60.2,62.83932420254985
50.0,46.599413124721785
59.8,59.62817823441518
71.4,67.46693182311844
50.6,57.45857672303926
64.7,60.53885505915334
73.2,72.43532903160252
77.5,76.91815217022071
78.1,70.81738009693927
84.4,87.8303678574398
36.8,44.861832416544935
56.4,59.515817821273814
68.1,71.28163781537356
75.2,77.4747723209565
52.8,51.60533604103108
71.4,68.56713613593338
39.1,46.884977928232445
83.9,83.89234791753626
54.1,45.04815798094926
63.8,58.81778013361367
60.3,56.01522650104639
51.6,53.20205456270092
48.3,42.59840066632705
47.9,51.59262022568774
29.1,33.959042625784605
82.7,79.432169246198
81.3,74.55574116271976
89.0,88.32197723337528
54.4,52.98912234909679
95.3,92.99129657105804
37.1,36.49811643123111
64.9,70.76068404937006
39.0,42.641844891384565
92.6,93.7709536058693
72.2,69.84347895833785
61.2,56.577869116747344
63.0,67.6003487529542
47.8,50.06505939823775
84.4,73.09481960241158
54.0,54.63724602637417
100.0,99.34518074155463
71.6,69.02160704825859
52.5,55.386682705261826
71.6,70.19177234322939
61.9,67.82261393787076
60.1,54.64203119319576
89.3,91.26431263904774
21.9,23.628000273721067
86.6,82.17929990407856
40.7,43.042232135646316
81.3,77.55462869274226
40.5,37.499619274402015
54.8,50.425972231867824
85.5,85.75763843043937
62.1,69.60176941956723
77.7,77.33827517850129
61.6,62.853765562637655
82.3,86.0958608075584
91.8,89.41332818469343
80.1,85.40420194180648
52.9,48.70888764707313
73.7,76.23103181412115
46.6,54.13938108871365
63.8,58.95225307930518
78.6,76.337074455082
71.1,71.74851337195406
45.5,40.13999485986493
95.0,97.40432699469952
50.6,51.250078168724706
57.5,65.10482898631318
78.1,84.64775185392288
56.7,51.54089443709132
71.0,72.29520672673775
51.0,51.31151465957761
57.7,55.357970457503754
79.4,89.44168290916106
57.1,51.90301888643912
93.0,90.9757678420707
35.5,36.30953009538104
85.1,90.00311197632159
69.6,63.83672616173307
95.3,94.0019775071827
76.6,78.22420532320378
35.7,40.449103514441944
47.1,54.56440895010063
81.9,84.2886490850115
75.1,72.28863924383205
47.8,47.25740946971993
45.8,39.23963601147747
81.5,74.51224188642904
68.5,60.82586510570363
71.9,70.39457029693241
63.8,70.11817151657965
83.2,88.5390820544406
89.1,90.44917230913673
82.9,82.32500839564067
78.2,79.24371119694378
34.4,38.59737281083565
64.7,63.8049937772759
43.2,39.42432005417151
84.9,89.78013564093663
80.5,77.3675804465972
62.2,61.20432094941069
55.4,56.35961661243483
26.0,25.1362418306639
84.0,84.77147781250261
48.4,51.8529468874479
85.7,89.11820594061693
59.2,54.035330962544236
81.3,76.50320756536946
67.2,64.41709797962517
85.4,88.11753839659313
54.7,55.15407050338834
70.0,65.74808851223402
82.4,81.1592885767948
46.6,41.18553936278555
99.1,95.53234615873114
70.2,71.15480327074513
46.6,40.56316179703901
72.8,74.8050704589536
43.2,47.66132180053196
35.2,39.17483043551998
72.7,73.37290941080745
100.0,96.77781978504366
45.1,43.22707486691975
40.6,40.17524388115333
90.9,85.93800632102173
45.4,49.27832170394999
50.6,50.03948002786006
48.3,50.622483875393634
94.2,89.36699677161259
50.8,46.75655705650924
68.9,66.13100859904912
84.3,82.40336134434521
38.9,42.50675483020769
77.1,80.30979477891827
56.3,55.55682664485465
77.2,71.43596173347551
62.6,61.45427150772231
84.7,90.48716889593871
57.0,53.39601834590826
62.2,59.606362353473486
81.2,86.78987645113403
85.8,85.86570222381096
50.4,51.67565033486984
63.1,71.09256775838074
50.1,51.85659050532452
76.1,79.8071772462583
45.8,45.59578770099721
95.1,91.75908351458045
71.7,78.98066831794878
80.9,87.32334851334171
80.4,84.10440541792377
75.3,72.08361818965605
70.2,70.97082740599785
67.4,66.25005532700791
50.6,51.02707285399349
58.2,64.23791383882535
85.5,82.78855970420959
95.4,92.54818740966955
50.2,49.43166276305707
85.6,84.65644969343944
27.5,30.151247028065676
56.3,56.72615889586678
59.4,60.8857749495161
55.7,58.66732301340229
95.9,93.22199533677887
88.9,86.33098843944006
48.0,46.15383281993492
74.9,75.0329796453787
77.9,80.01618726123861
63.3,59.691149142410154
43.7,43.08671498873024
70.2,67.7897221352809
59.0,56.606416705190576
86.9,87.43687070058698
93.5,89.65649693699973
99.7,97.12068423783913
78.0,77.76157080991207
93.3,87.73050868246551
43.8,47.45437578479048
37.1,39.79770580099458
76.0,74.16701638632631
89.6,87.88847062027632
59.2,59.6272371714646
80.8,83.19145485367109
53.8,55.84105272423227
58.0,62.841402742216694
52.8,44.49477165139878
91.0,94.27083912066644
59.8,61.88591517199434
68.3,71.93013942818908
53.2,60.153957888887504
53.2,57.22264883213853
59.4,57.903745808568864
76.8,76.25442827970016
42.6,39.06810255183887
34.3,39.891203202183696
88.0,85.24845767658574
50.4,47.82951772713015
58.9,66.23998107211467
99.9,96.85862622806464
54.3,56.733593931593255
52.9,50.93245501987622
71.0,72.12015294338667
92.9,93.92341334444544
79.2,79.48488589321288
81.3,85.00130060780265
78.3,77.44251971190127
84.7,86.79506788474902
51.8,58.33721760974804
48.6,48.85158048470501
91.6,87.21110325183231
72.2,73.07016970450637
100.0,94.38607778964482
54.3,54.9313282633556
29.0,29.181496728802312
56.5,52.8497108354529
64.3,67.81832332963373
77.2,83.72607681609972
79.5,86.0243972428508
69.2,65.43379619515228
79.4,79.26660836056197
65.3,60.294034154295346
36.9,36.960532278011655
73.1,74.7727990535986
42.0,45.866765626303675
75.4,75.10575282071213
82.3,78.83575177914044
73.9,73.08678213362
53.9,49.43871030311318
46.1,44.832502723950924
31.6,33.264970044845796
70.1,61.34527654304797
42.9,41.43344974083901
38.6,33.60361832454298
67.3,66.7048521455595
73.8,73.12856643790117
57.9,59.93520272246235
81.6,83.36965794333018
78.5,74.25031904983182
74.2,77.64440260651439
55.8,60.651734788958045
45.1,48.22263376564083
65.2,63.530412702363755
45.0,43.190016123060246
66.2,64.10891995964901
74.9,70.26136296734276
92.7,96.21725794385073
45.6,43.51500313689573
65.8,59.30062886350949
66.6,60.109056493787484
53.1,57.72551382806979
74.6,77.98573358289065
78.3,78.73554557638235
60.7,63.270030029917436
89.0,91.23737134663094
56.4,57.093803025529695
95.7,90.93590464282397
45.0,43.51702626671722
71.4,70.26527070118088
73.7,73.81318884461353
54.0,53.166743526629766
44.5,37.95469207539186
93.1,90.87826362233892
61.8,54.67311442619945
71.5,79.06527368295666
64.1,59.533705944937864
45.0,40.043068394706715
39.8,41.4320206934659
36.7,31.473249841017875
70.0,73.19416843439951
55.1,58.339503053780064
79.3,77.3290442811631
57.7,60.31355675689605
65.9,69.31066695375426
59.5,55.075568926204916
44.6,46.75491536509085
27.9,29.91660364170183
81.9,83.88424565864221
65.2,69.62177237625794
80.3,84.1711111687504
89.8,90.3278737496138
65.4,65.95584558076685
33.8,41.526550677710325
75.7,75.50618117491346
59.8,61.007909252909194
95.8,93.07686987355365
86.8,82.05139198158642
74.3,76.76180476434175
56.5,54.1578477049642
96.4,94.01086738692238
87.4,83.57176452533159
81.9,84.73115227198855
49.5,47.768431391192145
70.8,74.22860267700335
59.0,60.55266639911467
27.2,33.324899730064004
58.4,58.66392057036087
40.9,43.27306731100786
86.0,86.74585789282436
45.7,47.6246334520752
70.2,78.55073653398611
68.5,77.67653853633513
61.7,62.6805412683897
72.9,78.27424449623658
42.5,40.311746365321085
88.0,88.36604352327706
68.1,72.12651627348541
70.4,70.76700537040054
55.6,53.2955657733456
66.4,58.892115050478196
57.7,63.63687319070454
85.4,84.51450871694036
100.0,96.6408216559015
77.9,76.29477035701555
72.3,70.06820524572495
51.1,57.43321727193478
56.1,51.419191690664995
71.0,67.23999608211324
82.6,82.43591422411409
35.4,39.685894095237984
31.8,34.08352505300421
80.6,82.02932512193719
35.3,40.520831738892994
63.2,67.06936561726158
100.0,96.94454594721469
57.8,62.02953013581434
60.9,64.60353618445193
34.2,32.25759647058178
43.8,42.71201129302982
54.0,57.74041133360393
81.5,87.67667825373954
77.5,75.39614759934514
40.0,45.68405680476299
35.5,34.68682963988399
50.7,49.13632592410564
100.0,97.08890336780661
72.2,72.9964923613177
74.7,78.31397883148018
58.6,57.13482977001634
55.7,51.3106949150413
34.2,36.79920511020213
38.9,41.44481820679752
41.7,40.33122550634882
50.0,48.81180379818755
57.0,58.77037093251681
64.7,60.81880323201061
43.1,46.198288331190696
57.0,61.34054176289473
53.0,53.13705995493554
72.3,72.10778219851687
30.4,30.161924507443313
72.9,73.93153131322437
39.9,46.07273892085993
77.5,77.76177770577237
75.7,83.91833987989287
79.8,82.84123245232091
64.9,69.18098109862514
24.6,31.77891953443057
87.1,87.35683695609308
77.5,80.60280348174787
100.0,98.8554766021725
84.9,87.23502774199244
33.5,34.7757413281311
78.1,73.57947391948451
45.7,40.2096538430936
69.6,65.79889057047276
27.6,31.8369559889683
57.7,54.86363993031211
51.6,52.13469507437567
34.7,31.693080727375133
46.7,43.0874641737376
65.1,66.3707788119609
70.2,67.092031458669
72.8,73.67877702134821
51.2,56.49128892145036
85.1,87.58952125437985
49.7,42.428596801270686
55.7,54.3163763936306
88.0,88.45930741377602
81.0,78.38124509074257
61.7,64.62365401162378
45.4,46.98646434247931
87.3,89.64017625478772
89.0,92.8802531823937
54.7,55.89733468460595
72.8,69.50043713586152
46.7,44.64575268058823
80.3,74.13637284669373
91.2,93.22818321774906
56.0,53.556236176942086
81.8,77.8262122978788
54.2,57.37701482232523
53.3,54.311656764525836
89.4,89.07082394249825
70.0,76.8378208351477
29.6,29.722395262065266
69.3,65.26697080737733
79.4,77.15383130264107
66.7,70.22478518879532
78.7,80.3810459458211
77.9,85.79219205501057
100.0,94.83403521215854
60.1,61.71708631362414
41.5,46.727072635147685
100.0,98.50766595573086
55.3,59.545956655276655
91.8,90.96986526485145
40.6,39.41785411178835
41.3,49.072521483130636
54.5,50.75256837762443
44.9,50.060514291096624
81.1,79.49300394717841
66.5,68.39302559277769
93.9,93.81250193080805
48.0,43.03561311579395
61.0,72.0602201263219
58.9,63.05203921726583
63.3,64.51858279843114
83.1,82.70548612763241
82.4,80.12705174470615
46.8,46.44684349893838
55.7,61.524511558994455
59.1,57.019675775600376
71.5,69.87549085722819
64.6,69.89977312153543
38.6,42.35091873847209
73.4,82.5412660699182
63.4,60.06191536323543
42.9,38.96600392471319
84.1,82.04200388003093
21.6,21.03853043705221
100.0,95.30905353030371
65.3,60.90207830405106
70.7,67.6929757406496
21.8,23.179505438492324
100.0,93.01682245303371
59.4,61.8005354873377
76.4,74.15239395078521
84.5,81.89368282365979
38.3,40.54712996740058
31.1,36.241399264621926
56.2,48.031727066915735
43.2,39.75491085373058
85.5,80.67093879017469
71.3,72.92920546414676
72.9,73.21138944512536
69.4,62.494642077969345
80.7,82.11806842675078
92.0,88.44369746932992
77.0,75.49931326930496
53.5,58.28176843312383
38.8,41.423291589346015
33.9,39.01193019873533
66.8,76.07864437025198
79.2,74.21163008911932
71.0,66.80030348507694
69.5,70.49883353892675
25.6,25.809059879340378
82.4,84.07344130193636
46.5,46.35131125083638
34.9,36.660052592154756
82.9,86.92736779213745
43.6,45.4015070008594
55.6,52.970482817571856
58.5,63.541047351597584
82.9,87.64273559119658
93.8,93.75064740808364
32.7,30.571436145955797
80.9,80.86389862225835
89.2,93.43967410046326
76.0,73.99688302463792
54.7,62.392810684902756
29.8,37.45482728189197
58.6,52.71320945913845
54.5,54.23361591174115
45.3,49.953317517951085
63.7,65.02680790333245
76.6,68.90393701620049
50.6,47.629114030739075
81.3,81.8499026922573
35.5,37.00153898265851
35.1,37.650488440685514
99.7,96.06800988987013
44.8,43.62281834227848
68.2,66.99652229960002
69.5,65.64257030332136
77.1,79.9809261078694
43.1,46.99086045743491
92.3,85.20524578513526
41.4,34.0901068311328
64.3,61.06736768179781
49.5,45.833049930189944
71.3,70.87488149480797
91.5,93.30895313394262
64.8,60.66395219751935
36.9,36.381675133478225
68.5,67.04142717282953
46.1,49.324193065217244
100.0,99.324975349809
65.6,69.89639277259094
88.4,78.08927958992206
37.8,42.22294281983725
70.6,68.83963000230064
60.0,62.18271359943293
75.9,70.835785087951
81.0,87.71979863232168
51.1,62.37740085430609
50.7,51.89420941121526
40.7,41.1716965697847
47.6,47.05670764600772
82.5,83.27046385539703
90.7,90.13407009848368
41.8,37.914689461985546
68.1,65.19836324665593
70.3,79.20370921287454
90.4,94.63472534888206
55.8,51.31372291402911
57.4,62.35894858594642
84.2,78.18868443917341
49.7,58.008255652237146
79.5,75.19258327610531
47.4,47.28033843346383
45.5,51.44810913030038
38.3,39.76082575208537
33.2,37.329202402294676
69.6,73.00007166094329
36.5,36.17104073085082
97.6,96.28312927425458
25.0,26.09017907391066
70.0,71.40195670427912
35.5,36.90380377909103
96.4,90.91645936456287
75.6,75.14769336987898
86.8,84.27331187306488
78.2,82.5832794235564
72.8,78.88747229890497
73.1,74.85618235728334
100.0,98.75116012217893
53.0,60.40579841527805
42.6,43.332274364249315
59.2,60.37551422227929
52.6,54.99667229093642
80.5,80.72737230528921
84.1,83.5857483889476
73.6,85.38311394306469
46.6,47.559684266395266
91.8,91.88871327450076
49.5,43.362680893061906
64.3,63.7202657954806
87.9,89.08368160967315
29.9,33.23910246925167
43.1,38.62666072812965
82.6,85.80496257828854
44.0,41.0326552520948
70.3,72.93692474233913
24.4,28.27881748463113
28.5,31.158685198007188
39.6,43.484428460927404
64.0,64.71165680892499
28.1,35.259006334163885
99.2,99.32445665887244
65.0,71.66017224579
85.4,88.20110204627497
67.7,73.99763849507202
89.1,90.71890463211993
37.4,35.000723711324014
31.1,31.57434496981237
38.0,47.22077800236821
62.4,60.26504308104032
80.4,86.7472281365743
90.7,88.42059716349772
33.6,39.10236856688956
68.4,68.98130829937968
51.0,54.53653213593053
62.5,66.33995238696679
59.4,54.819504727335605
82.8,80.31566111923388
79.8,80.49505533482636
41.6,45.503680381281264
34.4,30.64820163666698
57.6,59.92539365026007
70.6,69.13420447529306
77.2,85.29262727355194
36.2,38.29696820568445
53.0,55.66837058601259
56.4,49.500447496627714
60.3,53.17813116624438
73.1,74.08476218006919
37.1,39.134834615789174
53.8,51.96755099608249
58.6,60.2514013853625
71.5,67.01756331811691
68.9,71.80135386785082
66.0,63.12973318747034
73.0,74.79217123941477
40.6,46.048849698676165
39.5,36.19591681516532
93.4,88.52982863961462
80.0,71.81876594377646
87.9,87.79515912621605
72.9,73.3346319877422
72.3,77.24772952446173
93.7,90.1611405162237
55.9,52.820046349053115
61.8,56.12550184139725
79.5,77.83268090357748
50.1,58.50164956202448
75.8,73.82900419409485
88.5,90.72870800406339
66.0,62.142185749459784
42.6,41.5060313962533
89.1,91.0491133520907
49.2,49.83229190229229
90.9,93.7065955447896
33.1,27.985703854385306
82.0,83.96295772879964
65.4,65.97675603421892
52.8,47.0407083557165
80.2,83.4781254907697
81.4,86.6262947674196
67.3,66.1168975511471
40.2,42.85780941494397
69.0,62.16396292858389
100.0,91.94992895734741
53.1,56.72847330522284
81.9,82.14767607290473
34.4,38.700361745026825
66.5,63.57250889818306
91.0,89.85271138669074
69.8,68.16551286881848
93.0,96.03725802315425
49.2,51.13760809791358
98.1,91.43232730126307
41.1,34.95715927454316
49.0,48.56285727242598
54.4,59.78296700473928
37.5,28.42438806918817
85.3,91.45157988943706
87.9,81.70723402738206
22.1,27.230179671404912
57.7,61.34124725850285
74.1,77.66484277493949
40.7,44.44973127103016
54.9,59.02854956369468
47.3,46.735378210198995
39.7,39.98835976077264
46.2,47.223905089381226
88.5,89.79492633876302
66.1,58.24794361555688
47.8,45.74543281727812
88.6,88.2325430091342
95.8,92.56889421273272
82.2,74.15906320898426
57.8,54.934817397510955
77.8,77.97667250165486
80.6,87.52089198911021
77.2,71.98482755550482
89.9,87.27857297070885
84.7,78.5644786163802
86.3,88.07426828628992
52.9,53.02368653827377
54.3,56.06072582582181
87.2,88.49786464716094
41.5,45.525276592285074
37.0,38.81615883129049
43.8,38.31758899296496
98.9,94.49648622846219
42.8,48.727620689972106
59.3,61.51408987387546
24.5,28.564912517169905
38.9,42.43583178312003
39.0,38.46993415485916
35.9,43.136018086182574
32.1,38.95723904507157
46.3,43.796403396269014
82.4,82.1819496960357
48.7,45.28461864555558
20.7,27.46624881768933
70.4,62.49243514417118
55.8,49.66714208048719
66.6,65.76441047323985
73.0,65.86582010083941
46.4,46.323866490401
48.0,43.9190879917182
70.9,66.33422859335226
84.4,80.75482907959989
65.6,66.44345871661994
65.7,64.69433398362406
100.0,93.39133565012807
62.6,69.3626846598818
48.2,45.57150816299881
73.6,73.07894789735026
96.2,95.3038791958831
62.7,56.699140733868504
100.0,95.9085184339007
50.5,40.322741109267085
88.7,81.88649456262259
37.8,37.65028626947065
39.4,45.48321507337251
78.3,74.64815780400173
46.2,46.60339729177791
83.0,84.75823898693156
97.4,99.58764544250228
54.5,51.26464642213623
67.0,62.79694850140884
57.8,56.52046050037261
83.1,80.30442088036061
58.9,54.330001399991176
71.8,67.91999042014552
79.8,71.3376009026603
52.4,56.7713172335544
55.8,56.08049472208966
57.5,56.40303124390954
79.6,77.90952245346081
48.7,45.733618842157206
88.4,85.36563395309416
50.2,44.83209953625842
68.3,65.74206230997626
85.6,87.1496357595006
65.1,69.74105873624657
39.3,40.23611124425297
59.0,62.17044231090152
53.9,52.238037870106965
81.5,79.87198903537686
42.7,42.21888647049195
84.2,82.46130166940972
54.4,55.959011226916644
89.1,95.93522711100108
79.0,75.14946026875391
99.1,93.5359971830249
95.8,93.69976041299206
90.7,86.96759836618043
56.0,54.66167551617018
33.8,35.841668012366554
37.1,46.46182640717563
60.3,58.677960152366346
70.6,72.92968883338222
89.3,85.10901030993614
67.4,69.67394102088497
58.4,60.74804743204217
67.1,70.37255542809217
71.8,68.93723141489542
40.5,39.354010605316574
51.5,54.38426376020336
37.0,38.29108606566912
33.3,38.03106250756632
77.3,82.2873394680245
87.8,88.6294732983022
40.0,34.41697406120152
40.5,45.17349852444545
61.4,66.27435176594487
79.8,85.23945674368538
38.7,43.715860953619824
88.8,77.41248357511799
34.9,39.35171644372838
61.8,61.25296072037961
76.0,78.70814222306873
47.2,41.39410049851803
62.0,62.58906936152776
38.0,35.46937881781042
31.4,34.98221832575599
34.5,33.07735280940602
89.8,87.176401902557
100.0,95.19878767114646
88.9,79.43671030859133
58.9,58.76857350281831
39.5,40.727009116910224
87.5,93.53023686481092
58.3,57.07081447667837
30.4,35.156871862093396
71.1,66.52462022997439
38.8,36.92222176557241
54.7,47.786098392364515
90.6,88.27966957635056
74.9,72.86819169751068
72.1,74.8433607748542
55.4,52.218792590034305
68.5,59.22025184485301
62.2,56.78243613340219
47.6,52.29181328293194
47.1,49.85816549499036
84.3,82.2320736691392
83.5,88.35575730261296
77.7,81.3232946491187
48.6,46.04827158492362
47.3,49.799521294039536
83.7,83.29909463343677
66.8,64.54331000076724
84.4,87.31836892947925
48.5,42.27604392303232
75.1,76.1040460563444
40.8,38.41157392793011
45.7,49.20936389042508
56.8,61.99914488359824
73.6,77.77301855577466
49.5,51.32219765476215
84.0,82.95341399751038
53.0,56.72441101144466
78.3,77.99453228025773
94.2,85.4897412033597
71.5,67.96399111303457
72.4,83.10189890247871
35.4,37.58867825625437
99.1,95.98400255281419
61.1,59.05974332289098
44.0,44.47068923578189
74.2,76.04994608012916
32.9,39.06015160529733
36.1,39.563948670179826
45.5,52.78450751981617
87.3,86.51887729124915
77.3,80.20755139824938
58.0,59.88014306444386
87.5,85.79251235606678
33.5,38.835780725957406
45.7,41.95830059589116
38.7,40.7656727949793
43.2,43.55259320624483
80.9,77.60275311834914
87.5,82.9692072654359
38.4,38.13667594905885
37.0,36.48832135563252
41.6,46.77652899765593
75.4,71.55363328792536
71.9,67.0987314728002
80.2,87.32169107214581
66.4,65.98009147564329
80.4,81.36012249931144
38.7,36.02808876487199
87.8,88.67269822309903
37.6,33.6032070744776
75.9,75.57850336076183
70.0,78.28152488518126
39.1,39.065467372398686
46.0,44.319237856947055
32.8,41.94045570140186
37.8,43.34136457245758
63.0,64.60161694056455
50.7,47.65893317685478
71.6,70.71043163329476
95.0,87.23197600581585
95.1,88.54994067928943
87.9,90.4607874474721
59.7,60.06554079389478
57.3,60.86332486292601
79.2,84.64608598743311
64.3,64.16274576128525
54.7,57.748045050294394
64.3,62.2731634887071
26.3,27.594253156953503
61.3,61.65098906238322
79.1,75.25137107745202
37.2,37.2304691869542
97.2,93.50461625255244
19.6,25.912516503924294
42.8,42.6718519361041
51.6,54.92317432308423
51.8,49.727647390779374
41.7,44.74825355745268
65.8,63.664612064350706
75.9,73.03501576399505
78.8,76.8112843165967
56.2,52.139284829300216
83.2,89.02327780649169
81.2,84.92082998609735
100.0,101.52545963838801
100.0,97.72185726658388
42.1,47.913618219771465
56.0,58.385248891707164
78.8,84.66660604015043
51.8,59.31751280760238
48.6,42.93061948734379
84.0,79.4829061111038
38.5,46.743239115724194
86.7,90.40810155576176
89.6,82.57555167621686
50.1,43.790967250864135
60.5,60.24223903643321
79.3,79.43828003646368
86.8,90.44547577827365
66.7,69.87166146992529
79.6,78.65948939101591
39.9,37.35675374811577
74.4,73.54136567765285
59.4,61.56093318081775
62.2,62.2044777766436
83.3,85.20984957435496
57.7,53.47148253562571
50.4,51.34372100678832
58.7,55.242956933757654
54.4,51.53793846754177
66.8,65.18695777000619
71.2,66.96027446234902
78.1,73.08890944124683
39.6,40.65942563817931
41.5,40.40160285566995
71.8,67.14971461651646
35.7,35.726031177575855
30.4,35.00887843401111
41.7,42.27920934381367
64.9,63.48020666157847
61.5,59.002652520091885
33.9,33.799071723655544
72.5,74.6351355087275
40.6,42.49324527391316
56.5,51.065845527469605
69.0,79.68012521791816
78.3,79.02703428547744
61.8,66.67108661320441
84.4,76.84383006052107
60.4,58.6830070407522
66.2,63.85938915767949
99.6,91.39861054944029
94.3,92.81666182369388
98.8,96.8069150283861
63.4,65.8375684597286
60.6,60.57153873816904
70.3,67.66237312563621
82.4,88.63622577323584
46.8,50.151734117880714
78.9,80.66136465776813
82.7,85.52133278567379
27.4,31.001234850783074
97.8,92.41613041242077
49.2,48.96530935752456
35.2,42.183535285023645
82.7,76.44183832187288
43.4,39.107791379924414
70.0,62.98004495094191
46.8,46.13116671391807
70.0,73.65937562523622
55.3,54.434184407536115
43.4,47.832572744061345
42.4,45.73669222625102
64.5,64.98094192955718
87.1,85.05614963784996
86.0,84.02611379772878
69.6,66.70343268070451
67.0,66.6318331012058
57.1,54.391083994467294
27.7,28.682667352372114
60.5,57.87838283882799
42.2,49.55619934104239
49.0,52.12769290466926
70.7,73.82358024699656
69.3,76.37272959179367
75.3,74.37354993472448
70.8,71.3029774275615
44.1,46.254922835123764
73.2,71.86140972035197
83.2,82.09683229616331
45.7,41.436188440964656
93.8,87.8816925378276
52.8,54.94489822604426
60.5,60.784959239346534
49.2,53.692099492235684
93.1,92.26035121415296
34.8,34.206225510018854
85.3,83.73515896647254
87.3,85.9919108634395
34.1,37.352191511141235
42.0,41.88295138695275
44.9,43.658377458456165
100.0,96.06903595297001
33.2,25.078515124830375
59.6,57.67143150738892
38.9,35.582892798698964
81.5,85.61684843975674
93.6,90.99494382430747
69.5,64.23607057267878
72.3,66.34016988450304
52.6,51.23221715715645
56.8,54.205924117508836
37.3,33.886775263736716
94.5,93.97942193819344
56.4,58.75693716912294
40.4,43.37873640351545
41.3,46.77778995213459
72.7,79.56932770911584
88.6,86.76744596050963
75.5,71.93354999975516
44.4,46.38240681168985
54.9,55.94865235538999
50.0,49.420640134208824
37.8,43.15968536178397
67.0,68.59789472638354
44.7,44.141238834412086
39.6,32.8610636755331
34.6,35.30519960809176
66.8,67.51169565457344
100.0,98.39408897883075
65.3,66.70272003589805
65.2,65.49564034954
64.4,60.09267011979099
80.5,81.97006788126743
79.8,77.31458341492102
61.8,66.61093254458135
48.6,49.130159820811144
81.2,85.25771368028262
35.4,34.23782163554731
49.1,50.141207064702584
34.0,29.942604274057828
78.3,78.06334239451579
65.9,70.81290719153428
66.3,63.627215545646415
71.9,70.52323746822285
77.0,76.98688395308712
43.5,41.827186242973646
54.4,60.72120064591131
48.5,47.98819617361956
88.6,90.82497603341223
58.5,61.83439591357582
41.3,43.82142070742973
65.1,63.4746578179731
84.9,84.06103331743523
58.0,62.179253512975286
39.7,43.12159408596689
49.1,46.278200710480185
96.3,91.26863772826115
44.6,43.00658848552492
